date,product_id,units_sold,sales_value,cost_value
2022-01-01,P1001,219,702643.98,496867.2
2022-02-01,P1001,205,657726.1,465104.0
2022-03-01,P1001,230,737936.6,521824.0
2022-04-01,P1001,223,715477.66,505942.4
2022-05-01,P1001,246,789271.32,558124.8
2022-06-01,P1001,295,946483.9,669296.0
2022-07-01,P1001,167,535806.14,378889.6
2022-08-01,P1001,245,786062.9,555856.0
2022-09-01,P1001,265,850231.3,601232.0
2022-10-01,P1001,286,917608.12,648876.8
2022-11-01,P1001,304,975359.68,689715.2
2022-12-01,P1001,273,875898.66,619382.4
2023-01-01,P1001,249,798896.58,564931.2
2023-02-01,P1001,283,907982.86,642070.4
2023-03-01,P1001,209,670559.78,474179.2
2023-04-01,P1001,280,898357.6,635264.0
2023-05-01,P1001,255,818147.1,578544.0
2023-06-01,P1001,274,879107.08,621651.2
2023-07-01,P1001,231,741145.02,524092.8
2023-08-01,P1001,266,853439.72,603500.8
2023-09-01,P1001,329,1055570.18,746435.2
2023-10-01,P1001,324,1039528.08,735091.2
2023-11-01,P1001,421,1350744.82,955164.8
2023-12-01,P1001,432,1386037.44,980121.6
2022-01-01,P1002,150,291066.0,226261.5
2022-02-01,P1002,153,296887.32,230786.73
2022-03-01,P1002,147,285244.68,221736.27
2022-04-01,P1002,152,294946.88,229278.32
2022-05-01,P1002,146,283304.24,220227.86
2022-06-01,P1002,185,358981.4,279055.85
2022-07-01,P1002,136,263899.84,205143.76
2022-08-01,P1002,182,353160.08,274530.62
2022-09-01,P1002,167,324053.48,251904.47
2022-10-01,P1002,208,403611.52,313749.28
2022-11-01,P1002,230,446301.2,346934.3
2022-12-01,P1002,279,541382.76,420846.39
2023-01-01,P1002,173,335696.12,260954.93
2023-02-01,P1002,126,244495.44,190059.66
2023-03-01,P1002,169,327934.36,254921.29
2023-04-01,P1002,145,281363.8,218719.45
2023-05-01,P1002,166,322113.04,250396.06
2023-06-01,P1002,217,421075.48,327324.97
2023-07-01,P1002,190,368683.6,286597.9
2023-08-01,P1002,169,327934.36,254921.29
2023-09-01,P1002,167,324053.48,251904.47
2023-10-01,P1002,203,393909.32,306207.23
2023-11-01,P1002,199,386147.56,300173.59
2023-12-01,P1002,233,452122.52,351459.53
2022-01-01,P1003,147,124617.78,88195.59
2022-02-01,P1003,177,150049.98,106194.69
2022-03-01,P1003,182,154288.68,109194.54
2022-04-01,P1003,121,102576.54,72596.37
2022-05-01,P1003,182,154288.68,109194.54
2022-06-01,P1003,183,155136.42,109794.51
2022-07-01,P1003,182,154288.68,109194.54
2022-08-01,P1003,217,183959.58,130193.49
2022-09-01,P1003,140,118683.6,83995.8
2022-10-01,P1003,184,155984.16,110394.48
2022-11-01,P1003,244,206848.56,146392.68
2022-12-01,P1003,200,169548.0,119994.0
2023-01-01,P1003,201,170395.74,120593.97
2023-02-01,P1003,174,147506.76,104394.78
2023-03-01,P1003,201,170395.74,120593.97
2023-04-01,P1003,167,141572.58,100194.99
2023-05-01,P1003,206,174634.44,123593.82
2023-06-01,P1003,219,185655.06,131393.43
2023-07-01,P1003,192,162766.08,115194.24
2023-08-01,P1003,200,169548.0,119994.0
2023-09-01,P1003,206,174634.44,123593.82
2023-10-01,P1003,190,161070.6,113994.3
2023-11-01,P1003,240,203457.6,143992.8
2023-12-01,P1003,259,219564.66,155392.23
2022-01-01,P1004,220,480565.8,340293.8
2022-02-01,P1004,243,530806.77,375869.97
2022-03-01,P1004,319,696820.41,493426.01
2022-04-01,P1004,244,532991.16,377416.76
2022-05-01,P1004,254,554835.06,392884.66
2022-06-01,P1004,301,657501.39,465583.79
2022-07-01,P1004,311,679345.29,481051.69
2022-08-01,P1004,297,648763.83,459396.63
2022-09-01,P1004,354,773274.06,547563.66
2022-10-01,P1004,360,786380.4,556844.4
2022-11-01,P1004,415,906521.85,641917.85
2022-12-01,P1004,437,954578.43,675947.23
2023-01-01,P1004,365,797302.35,564578.35
2023-02-01,P1004,272,594154.08,420726.88
2023-03-01,P1004,232,506778.48,358855.28
2023-04-01,P1004,361,788564.79,558391.19
2023-05-01,P1004,301,657501.39,465583.79
2023-06-01,P1004,335,731770.65,518174.65
2023-07-01,P1004,368,803855.52,569218.72
2023-08-01,P1004,269,587600.91,416086.51
2023-09-01,P1004,291,635657.49,450115.89
2023-10-01,P1004,295,644395.05,456303.05
2023-11-01,P1004,381,832252.59,589326.99
2023-12-01,P1004,483,1055060.37,747099.57
2022-01-01,P1005,76,158292.8,118062.96
2022-02-01,P1005,60,124968.0,93207.6
2022-03-01,P1005,57,118719.6,88547.22
2022-04-01,P1005,79,164541.2,122723.34
2022-05-01,P1005,78,162458.4,121169.88
2022-06-01,P1005,90,187452.0,139811.4
2022-07-01,P1005,89,185369.2,138257.94
2022-08-01,P1005,88,183286.4,136704.48
2022-09-01,P1005,97,202031.6,150685.62
2022-10-01,P1005,98,204114.4,152239.08
2022-11-01,P1005,117,243687.6,181754.82
2022-12-01,P1005,110,229108.0,170880.6
2023-01-01,P1005,81,168706.8,125830.26
2023-02-01,P1005,83,172872.4,128937.18
2023-03-01,P1005,98,204114.4,152239.08
2023-04-01,P1005,84,174955.2,130490.64
2023-05-01,P1005,98,204114.4,152239.08
2023-06-01,P1005,93,193700.4,144471.78
2023-07-01,P1005,91,189534.8,141364.86
2023-08-01,P1005,107,222859.6,166220.22
2023-09-01,P1005,76,158292.8,118062.96
2023-10-01,P1005,90,187452.0,139811.4
2023-11-01,P1005,101,210362.8,156899.46
2023-12-01,P1005,96,199948.8,149132.16
2022-01-01,P1006,92,146384.88,108933.52
2022-02-01,P1006,95,151158.3,112485.7
2022-03-01,P1006,115,182981.1,136166.9
2022-04-01,P1006,117,186163.38,138535.02
2022-05-01,P1006,105,167069.7,124326.3
2022-06-01,P1006,128,203665.92,151559.68
2022-07-01,P1006,107,170251.98,126694.42
2022-08-01,P1006,99,157522.86,117221.94
2022-09-01,P1006,106,168660.84,125510.36
2022-10-01,P1006,100,159114.0,118406.0
2022-11-01,P1006,125,198892.5,148007.5
2022-12-01,P1006,145,230715.3,171688.7
2023-01-01,P1006,115,182981.1,136166.9
2023-02-01,P1006,124,197301.36,146823.44
2023-03-01,P1006,94,149567.16,111301.64
2023-04-01,P1006,116,184572.24,137350.96
2023-05-01,P1006,102,162296.28,120774.12
2023-06-01,P1006,128,203665.92,151559.68
2023-07-01,P1006,114,181389.96,134982.84
2023-08-01,P1006,95,151158.3,112485.7
2023-09-01,P1006,139,221168.46,164584.34
2023-10-01,P1006,124,197301.36,146823.44
2023-11-01,P1006,144,229124.16,170504.64
2023-12-01,P1006,145,230715.3,171688.7
2022-01-01,P1007,56,33761.28,26168.8
2022-02-01,P1007,51,30746.88,23832.3
2022-03-01,P1007,59,35569.92,27570.7
2022-04-01,P1007,58,34967.04,27103.4
2022-05-01,P1007,67,40392.96,31309.1
2022-06-01,P1007,58,34967.04,27103.4
2022-07-01,P1007,47,28335.36,21963.1
2022-08-01,P1007,68,40995.84,31776.4
2022-09-01,P1007,59,35569.92,27570.7
2022-10-01,P1007,74,44613.12,34580.2
2022-11-01,P1007,78,47024.64,36449.4
2022-12-01,P1007,80,48230.4,37384.0
2023-01-01,P1007,58,34967.04,27103.4
2023-02-01,P1007,67,40392.96,31309.1
2023-03-01,P1007,74,44613.12,34580.2
2023-04-01,P1007,59,35569.92,27570.7
2023-05-01,P1007,62,37378.56,28972.6
2023-06-01,P1007,71,42804.48,33178.3
2023-07-01,P1007,54,32555.52,25234.2
2023-08-01,P1007,65,39187.2,30374.5
2023-09-01,P1007,64,38584.32,29907.2
2023-10-01,P1007,71,42804.48,33178.3
2023-11-01,P1007,70,42201.6,32711.0
2023-12-01,P1007,68,40995.84,31776.4
2022-01-01,P1008,207,71199.72,54231.93
2022-02-01,P1008,205,70511.8,53707.95
2022-03-01,P1008,286,98372.56,74929.14
2022-04-01,P1008,258,88741.68,67593.42
2022-05-01,P1008,210,72231.6,55017.9
2022-06-01,P1008,255,87709.8,66807.45
2022-07-01,P1008,222,76359.12,58161.78
2022-08-01,P1008,235,80830.6,61567.65
2022-09-01,P1008,254,87365.84,66545.46
2022-10-01,P1008,282,96996.72,73881.18
2022-11-01,P1008,289,99404.44,75715.11
2022-12-01,P1008,366,125889.36,95888.34
2023-01-01,P1008,193,66384.28,50564.07
2023-02-01,P1008,218,74983.28,57113.82
2023-03-01,P1008,310,106627.6,81216.9
2023-04-01,P1008,239,82206.44,62615.61
2023-05-01,P1008,284,97684.64,74405.16
2023-06-01,P1008,253,87021.88,66283.47
2023-07-01,P1008,255,87709.8,66807.45
2023-08-01,P1008,247,84958.12,64711.53
2023-09-01,P1008,248,85302.08,64973.52
2023-10-01,P1008,243,83582.28,63663.57
2023-11-01,P1008,323,111099.08,84622.77
2023-12-01,P1008,298,102500.08,78073.02
2022-01-01,P1009,160,48758.4,39443.2
2022-02-01,P1009,157,47844.18,38703.64
2022-03-01,P1009,179,54548.46,44127.08
2022-04-01,P1009,163,49672.62,40182.76
2022-05-01,P1009,158,48148.92,38950.16
2022-06-01,P1009,178,54243.72,43880.56
2022-07-01,P1009,155,47234.7,38210.6
2022-08-01,P1009,188,57291.12,46345.76
2022-09-01,P1009,135,41139.9,33280.2
2022-10-01,P1009,176,53634.24,43387.52
2022-11-01,P1009,160,48758.4,39443.2
2022-12-01,P1009,187,56986.38,46099.24
2023-01-01,P1009,183,55767.42,45113.16
2023-02-01,P1009,169,51501.06,41661.88
2023-03-01,P1009,153,46625.22,37717.56
2023-04-01,P1009,135,41139.9,33280.2
2023-05-01,P1009,111,33826.14,27363.72
2023-06-01,P1009,166,50586.84,40922.32
2023-07-01,P1009,219,66738.06,53987.88
2023-08-01,P1009,187,56986.38,46099.24
2023-09-01,P1009,169,51501.06,41661.88
2023-10-01,P1009,203,61862.22,50043.56
2023-11-01,P1009,180,54853.2,44373.6
2023-12-01,P1009,231,70394.94,56946.12
2022-01-01,P1010,236,97590.72,70955.76
2022-02-01,P1010,216,89320.32,64942.56
2022-03-01,P1010,243,100485.36,73060.38
2022-04-01,P1010,202,83531.04,60733.32
2022-05-01,P1010,253,104620.56,76066.98
2022-06-01,P1010,280,115785.6,84184.8
2022-07-01,P1010,197,81463.44,59230.02
2022-08-01,P1010,206,85185.12,61935.96
2022-09-01,P1010,272,112477.44,81779.52
2022-10-01,P1010,242,100071.84,72759.72
2022-11-01,P1010,329,136048.08,98917.14
2022-12-01,P1010,287,118680.24,86289.42
2023-01-01,P1010,244,100898.88,73361.04
2023-02-01,P1010,204,84358.08,61334.64
2023-03-01,P1010,224,92628.48,67347.84
2023-04-01,P1010,253,104620.56,76066.98
2023-05-01,P1010,211,87252.72,63439.26
2023-06-01,P1010,201,83117.52,60432.66
2023-07-01,P1010,203,83944.56,61033.98
2023-08-01,P1010,235,97177.2,70655.1
2023-09-01,P1010,184,76087.68,55321.44
2023-10-01,P1010,257,106274.64,77269.62
2023-11-01,P1010,254,105034.08,76367.64
2023-12-01,P1010,333,137702.16,100119.78
2022-01-01,P1011,145,66160.6,54383.7
2022-02-01,P1011,124,56578.72,46507.44
2022-03-01,P1011,153,69810.84,57384.18
2022-04-01,P1011,172,78480.16,64510.32
2022-05-01,P1011,171,78023.88,64135.26
2022-06-01,P1011,175,79849.0,65635.5
2022-07-01,P1011,169,77111.32,63385.14
2022-08-01,P1011,185,84411.8,69386.1
2022-09-01,P1011,162,73917.36,60759.72
2022-10-01,P1011,213,97187.64,79887.78
2022-11-01,P1011,243,110876.04,91139.58
2022-12-01,P1011,255,116351.4,95640.3
2023-01-01,P1011,180,82130.4,67510.8
2023-02-01,P1011,170,77567.6,63760.2
2023-03-01,P1011,222,101294.16,83263.32
2023-04-01,P1011,174,79392.72,65260.44
2023-05-01,P1011,177,80761.56,66385.62
2023-06-01,P1011,173,78936.44,64885.38
2023-07-01,P1011,159,72548.52,59634.54
2023-08-01,P1011,161,73461.08,60384.66
2023-09-01,P1011,173,78936.44,64885.38
2023-10-01,P1011,204,93081.12,76512.24
2023-11-01,P1011,246,112244.88,92264.76
2023-12-01,P1011,257,117263.96,96390.42
2022-01-01,P1012,122,57425.4,40702.86
2022-02-01,P1012,106,49894.2,35364.78
2022-03-01,P1012,109,51306.3,36365.67
2022-04-01,P1012,124,58366.8,41370.12
2022-05-01,P1012,124,58366.8,41370.12
2022-06-01,P1012,103,48482.1,34363.89
2022-07-01,P1012,118,55542.6,39368.34
2022-08-01,P1012,128,60249.6,42704.64
2022-09-01,P1012,113,53189.1,37700.19
2022-10-01,P1012,137,64485.9,45707.31
2022-11-01,P1012,127,59778.9,42371.01
2022-12-01,P1012,193,90845.1,64390.59
2023-01-01,P1012,132,62132.4,44039.16
2023-02-01,P1012,108,50835.6,36032.04
2023-03-01,P1012,126,59308.2,42037.38
2023-04-01,P1012,85,40009.5,28358.55
2023-05-01,P1012,107,50364.9,35698.41
2023-06-01,P1012,123,57896.1,41036.49
2023-07-01,P1012,106,49894.2,35364.78
2023-08-01,P1012,138,64956.6,46040.94
2023-09-01,P1012,161,75782.7,53714.43
2023-10-01,P1012,118,55542.6,39368.34
2023-11-01,P1012,142,66839.4,47375.46
2023-12-01,P1012,175,82372.5,58385.25
2022-01-01,P1013,60,36324.0,29167.8
2022-02-01,P1013,71,42983.4,34515.23
2022-03-01,P1013,92,55696.8,44723.96
2022-04-01,P1013,60,36324.0,29167.8
2022-05-01,P1013,67,40561.8,32570.71
2022-06-01,P1013,78,47221.2,37918.14
2022-07-01,P1013,74,44799.6,35973.62
2022-08-01,P1013,91,55091.4,44237.83
2022-09-01,P1013,88,53275.2,42779.44
2022-10-01,P1013,72,43588.8,35001.36
2022-11-01,P1013,112,67804.8,54446.56
2022-12-01,P1013,107,64777.8,52015.91
2023-01-01,P1013,92,55696.8,44723.96
2023-02-01,P1013,72,43588.8,35001.36
2023-03-01,P1013,79,47826.6,38404.27
2023-04-01,P1013,90,54486.0,43751.7
2023-05-01,P1013,97,58723.8,47154.61
2023-06-01,P1013,98,59329.2,47640.74
2023-07-01,P1013,71,42983.4,34515.23
2023-08-01,P1013,99,59934.6,48126.87
2023-09-01,P1013,84,50853.6,40834.92
2023-10-01,P1013,105,63567.0,51043.65
2023-11-01,P1013,98,59329.2,47640.74
2023-12-01,P1013,136,82334.4,66113.68
2022-01-01,P1014,41,10480.83,7694.88
2022-02-01,P1014,38,9713.94,7131.84
2022-03-01,P1014,37,9458.31,6944.16
2022-04-01,P1014,47,12014.61,8820.96
2022-05-01,P1014,39,9969.57,7319.52
2022-06-01,P1014,43,10992.09,8070.24
2022-07-01,P1014,43,10992.09,8070.24
2022-08-01,P1014,40,10225.2,7507.2
2022-09-01,P1014,47,12014.61,8820.96
2022-10-01,P1014,45,11503.35,8445.6
2022-11-01,P1014,52,13292.76,9759.36
2022-12-01,P1014,69,17638.47,12949.92
2023-01-01,P1014,36,9202.68,6756.48
2023-02-01,P1014,29,7413.27,5442.72
2023-03-01,P1014,53,13548.39,9947.04
2023-04-01,P1014,57,14570.91,10697.76
2023-05-01,P1014,43,10992.09,8070.24
2023-06-01,P1014,36,9202.68,6756.48
2023-07-01,P1014,44,11247.72,8257.92
2023-08-01,P1014,46,11758.98,8633.28
2023-09-01,P1014,48,12270.24,9008.64
2023-10-01,P1014,45,11503.35,8445.6
2023-11-01,P1014,64,16360.32,12011.52
2023-12-01,P1014,69,17638.47,12949.92
2022-01-01,P1015,181,263257.26,221227.25
2022-02-01,P1015,203,295255.38,248116.75
2022-03-01,P1015,182,264711.72,222449.5
2022-04-01,P1015,169,245803.74,206560.25
2022-05-01,P1015,181,263257.26,221227.25
2022-06-01,P1015,206,299618.76,251783.5
2022-07-01,P1015,146,212351.16,178448.5
2022-08-01,P1015,196,285074.16,239561.0
2022-09-01,P1015,188,273438.48,229783.0
2022-10-01,P1015,257,373796.22,314118.25
2022-11-01,P1015,237,344707.02,289673.25
2022-12-01,P1015,315,458154.9,385008.75
2023-01-01,P1015,158,229804.68,193115.5
2023-02-01,P1015,190,276347.4,232227.5
2023-03-01,P1015,202,293800.92,246894.5
2023-04-01,P1015,172,250167.12,210227.0
2023-05-01,P1015,206,299618.76,251783.5
2023-06-01,P1015,239,347615.94,292117.75
2023-07-01,P1015,192,279256.32,234672.0
2023-08-01,P1015,167,242894.82,204115.75
2023-09-01,P1015,214,311254.44,261561.5
2023-10-01,P1015,204,296709.84,249339.0
2023-11-01,P1015,252,366523.92,308007.0
2023-12-01,P1015,283,411612.18,345896.75
2022-01-01,P1016,96,52325.76,41422.08
2022-02-01,P1016,82,44694.92,35381.36
2022-03-01,P1016,66,35973.96,28477.68
2022-04-01,P1016,103,56141.18,44442.44
2022-05-01,P1016,101,55051.06,43579.48
2022-06-01,P1016,92,50145.52,39696.16
2022-07-01,P1016,81,44149.86,34949.88
2022-08-01,P1016,111,60501.66,47894.28
2022-09-01,P1016,107,58321.42,46168.36
2022-10-01,P1016,140,76308.4,60407.2
2022-11-01,P1016,131,71402.86,56523.88
2022-12-01,P1016,141,76853.46,60838.68
2023-01-01,P1016,91,49600.46,39264.68
2023-02-01,P1016,99,53960.94,42716.52
2023-03-01,P1016,105,57231.3,45305.4
2023-04-01,P1016,111,60501.66,47894.28
2023-05-01,P1016,94,51235.64,40559.12
2023-06-01,P1016,98,53415.88,42285.04
2023-07-01,P1016,93,50690.58,40127.64
2023-08-01,P1016,113,61591.78,48757.24
2023-09-01,P1016,124,67587.44,53503.52
2023-10-01,P1016,105,57231.3,45305.4
2023-11-01,P1016,121,65952.26,52209.08
2023-12-01,P1016,143,77943.58,61701.64
2022-01-01,P1017,74,138435.5,106671.74
2022-02-01,P1017,47,87925.25,67750.97
2022-03-01,P1017,64,119728.0,92256.64
2022-04-01,P1017,63,117857.25,90815.13
2022-05-01,P1017,52,97279.0,74958.52
2022-06-01,P1017,66,123469.5,95139.66
2022-07-01,P1017,64,119728.0,92256.64
2022-08-01,P1017,73,136564.75,105230.23
2022-09-01,P1017,87,162755.25,125411.37
2022-10-01,P1017,79,147789.25,113879.29
2022-11-01,P1017,81,151530.75,116762.31
2022-12-01,P1017,100,187075.0,144151.0
2023-01-01,P1017,78,145918.5,112437.78
2023-02-01,P1017,60,112245.0,86490.6
2023-03-01,P1017,66,123469.5,95139.66
2023-04-01,P1017,77,144047.75,110996.27
2023-05-01,P1017,74,138435.5,106671.74
2023-06-01,P1017,84,157143.0,121086.84
2023-07-01,P1017,74,138435.5,106671.74
2023-08-01,P1017,84,157143.0,121086.84
2023-09-01,P1017,70,130952.5,100905.7
2023-10-01,P1017,84,157143.0,121086.84
2023-11-01,P1017,94,175850.5,135501.94
2023-12-01,P1017,89,166496.75,128294.39
2022-01-01,P1018,33,45898.71,33300.63
2022-02-01,P1018,29,40335.23,29264.19
2022-03-01,P1018,36,50071.32,36327.96
2022-04-01,P1018,40,55634.8,40364.4
2022-05-01,P1018,27,37553.49,27245.97
2022-06-01,P1018,32,44507.84,32291.52
2022-07-01,P1018,33,45898.71,33300.63
2022-08-01,P1018,45,62589.15,45409.95
2022-09-01,P1018,41,57025.67,41373.51
2022-10-01,P1018,45,62589.15,45409.95
2022-11-01,P1018,41,57025.67,41373.51
2022-12-01,P1018,45,62589.15,45409.95
2023-01-01,P1018,38,52853.06,38346.18
2023-02-01,P1018,35,48680.45,35318.85
2023-03-01,P1018,40,55634.8,40364.4
2023-04-01,P1018,36,50071.32,36327.96
2023-05-01,P1018,40,55634.8,40364.4
2023-06-01,P1018,41,57025.67,41373.51
2023-07-01,P1018,42,58416.54,42382.62
2023-08-01,P1018,44,61198.28,44400.84
2023-09-01,P1018,33,45898.71,33300.63
2023-10-01,P1018,32,44507.84,32291.52
2023-11-01,P1018,56,77888.72,56510.16
2023-12-01,P1018,61,84843.07,61555.71
2022-01-01,P1019,64,109155.2,80588.8
2022-02-01,P1019,81,138149.55,101995.2
2022-03-01,P1019,97,165438.35,122142.4
2022-04-01,P1019,105,179082.75,132216.0
2022-05-01,P1019,96,163732.8,120883.2
2022-06-01,P1019,89,151793.95,112068.8
2022-07-01,P1019,80,136444.0,100736.0
2022-08-01,P1019,94,160321.7,118364.8
2022-09-01,P1019,92,156910.6,115846.4
2022-10-01,P1019,89,151793.95,112068.8
2022-11-01,P1019,146,249010.3,183843.2
2022-12-01,P1019,154,262654.7,193916.8
2023-01-01,P1019,100,170555.0,125920.0
2023-02-01,P1019,76,129621.8,95699.2
2023-03-01,P1019,103,175671.65,129697.6
2023-04-01,P1019,99,168849.45,124660.8
2023-05-01,P1019,101,172260.55,127179.2
2023-06-01,P1019,115,196138.25,144808.0
2023-07-01,P1019,103,175671.65,129697.6
2023-08-01,P1019,109,185904.95,137252.8
2023-09-01,P1019,110,187610.5,138512.0
2023-10-01,P1019,113,192727.15,142289.6
2023-11-01,P1019,98,167143.9,123401.6
2023-12-01,P1019,137,233660.35,172510.4
2022-01-01,P1020,169,247414.31,180071.19
2022-02-01,P1020,165,241558.35,175809.15
2022-03-01,P1020,174,254734.26,185398.74
2022-04-01,P1020,153,223990.47,163023.03
2022-05-01,P1020,180,263518.2,191791.8
2022-06-01,P1020,161,235702.39,171547.11
2022-07-01,P1020,158,231310.42,168350.58
2022-08-01,P1020,141,206422.59,150236.91
2022-09-01,P1020,174,254734.26,185398.74
2022-10-01,P1020,178,260590.22,189660.78
2022-11-01,P1020,172,251806.28,183267.72
2022-12-01,P1020,220,322077.8,234412.2
2023-01-01,P1020,152,222526.48,161957.52
2023-02-01,P1020,182,266446.18,193922.82
2023-03-01,P1020,181,264982.19,192857.31
2023-04-01,P1020,162,237166.38,172612.62
2023-05-01,P1020,175,256198.25,186464.25
2023-06-01,P1020,177,259126.23,188595.27
2023-07-01,P1020,164,240094.36,174743.64
2023-08-01,P1020,154,225454.46,164088.54
2023-09-01,P1020,178,260590.22,189660.78
2023-10-01,P1020,175,256198.25,186464.25
2023-11-01,P1020,188,275230.12,200315.88
2023-12-01,P1020,255,373317.45,271705.05
2022-01-01,P1021,44,29987.32,25182.96
2022-02-01,P1021,53,36121.09,30334.02
2022-03-01,P1021,66,44980.98,37774.44
2022-04-01,P1021,66,44980.98,37774.44
2022-05-01,P1021,69,47025.57,39491.46
2022-06-01,P1021,64,43617.92,36629.76
2022-07-01,P1021,55,37484.15,31478.7
2022-08-01,P1021,56,38165.68,32051.04
2022-09-01,P1021,68,46344.04,38919.12
2022-10-01,P1021,73,49751.69,41780.82
2022-11-01,P1021,92,62700.76,52655.28
2022-12-01,P1021,98,66789.94,56089.32
2023-01-01,P1021,59,40210.27,33768.06
2023-02-01,P1021,50,34076.5,28617.0
2023-03-01,P1021,62,42254.86,35485.08
2023-04-01,P1021,65,44299.45,37202.1
2023-05-01,P1021,65,44299.45,37202.1
2023-06-01,P1021,64,43617.92,36629.76
2023-07-01,P1021,68,46344.04,38919.12
2023-08-01,P1021,65,44299.45,37202.1
2023-09-01,P1021,65,44299.45,37202.1
2023-10-01,P1021,78,53159.34,44642.52
2023-11-01,P1021,82,55885.46,46931.88
2023-12-01,P1021,96,65426.88,54944.64
2022-01-01,P1022,130,61232.6,44848.7
2022-02-01,P1022,158,74421.16,54508.42
2022-03-01,P1022,128,60290.56,44158.72
2022-04-01,P1022,110,51812.2,37948.9
2022-05-01,P1022,120,56522.4,41398.8
2022-06-01,P1022,162,76305.24,55888.38
2022-07-01,P1022,156,73479.12,53818.44
2022-08-01,P1022,161,75834.22,55543.39
2022-09-01,P1022,192,90435.84,66238.08
2022-10-01,P1022,122,57464.44,42088.78
2022-11-01,P1022,217,102211.34,74862.83
2022-12-01,P1022,268,126233.36,92457.32
2023-01-01,P1022,136,64058.72,46918.64
2023-02-01,P1022,146,68768.92,50368.54
2023-03-01,P1022,153,72066.06,52783.47
2023-04-01,P1022,149,70181.98,51403.51
2023-05-01,P1022,168,79131.36,57958.32
2023-06-01,P1022,213,100327.26,73482.87
2023-07-01,P1022,214,100798.28,73827.86
2023-08-01,P1022,176,82899.52,60718.24
2023-09-01,P1022,232,109276.64,80037.68
2023-10-01,P1022,202,95146.04,69687.98
2023-11-01,P1022,282,132827.64,97287.18
2023-12-01,P1022,250,117755.0,86247.5
2022-01-01,P1023,74,50702.58,41921.74
2022-02-01,P1023,95,65091.15,53818.45
2022-03-01,P1023,82,56183.94,46453.82
2022-04-01,P1023,67,45906.39,37956.17
2022-05-01,P1023,86,58924.62,48719.86
2022-06-01,P1023,76,52072.92,43054.76
2022-07-01,P1023,71,48647.07,40222.21
2022-08-01,P1023,88,60294.96,49852.88
2022-09-01,P1023,81,55498.77,45887.31
2022-10-01,P1023,88,60294.96,49852.88
2022-11-01,P1023,98,67146.66,55517.98
2022-12-01,P1023,110,75368.7,62316.1
2023-01-01,P1023,77,52758.09,43621.27
2023-02-01,P1023,55,37684.35,31158.05
2023-03-01,P1023,84,57554.28,47586.84
2023-04-01,P1023,67,45906.39,37956.17
2023-05-01,P1023,66,45221.22,37389.66
2023-06-01,P1023,81,55498.77,45887.31
2023-07-01,P1023,79,54128.43,44754.29
2023-08-01,P1023,75,51387.75,42488.25
2023-09-01,P1023,92,63035.64,52118.92
2023-10-01,P1023,74,50702.58,41921.74
2023-11-01,P1023,96,65776.32,54384.96
2023-12-01,P1023,102,69887.34,57784.02
2022-01-01,P1024,119,39431.84,27901.93
2022-02-01,P1024,142,47053.12,33294.74
2022-03-01,P1024,143,47384.48,33529.21
2022-04-01,P1024,107,35455.52,25088.29
2022-05-01,P1024,110,36449.6,25791.7
2022-06-01,P1024,148,49041.28,34701.56
2022-07-01,P1024,137,45396.32,32122.39
2022-08-01,P1024,144,47715.84,33763.68
2022-09-01,P1024,148,49041.28,34701.56
2022-10-01,P1024,161,53348.96,37749.67
2022-11-01,P1024,199,65940.64,46659.53
2022-12-01,P1024,166,55005.76,38922.02
2023-01-01,P1024,113,37443.68,26495.11
2023-02-01,P1024,111,36780.96,26026.17
2023-03-01,P1024,143,47384.48,33529.21
2023-04-01,P1024,155,51360.8,36342.85
2023-05-01,P1024,133,44070.88,31184.51
2023-06-01,P1024,101,33467.36,23681.47
2023-07-01,P1024,109,36118.24,25557.23
2023-08-01,P1024,128,42414.08,30012.16
2023-09-01,P1024,135,44733.6,31653.45
2023-10-01,P1024,145,48047.2,33998.15
2023-11-01,P1024,174,57656.64,40797.78
2023-12-01,P1024,180,59644.8,42204.6
2022-01-01,P1025,86,48036.16,36907.76
2022-02-01,P1025,82,45801.92,35191.12
2022-03-01,P1025,106,59207.36,45490.96
2022-04-01,P1025,81,45243.36,34761.96
2022-05-01,P1025,109,60883.04,46778.44
2022-06-01,P1025,110,61441.6,47207.6
2022-07-01,P1025,102,56973.12,43774.32
2022-08-01,P1025,130,72612.8,55790.8
2022-09-01,P1025,104,58090.24,44632.64
2022-10-01,P1025,150,83784.0,64374.0
2022-11-01,P1025,135,75405.6,57936.6
2022-12-01,P1025,127,70937.12,54503.32
2023-01-01,P1025,105,58648.8,45061.8
2023-02-01,P1025,89,49711.84,38195.24
2023-03-01,P1025,102,56973.12,43774.32
2023-04-01,P1025,116,64792.96,49782.56
2023-05-01,P1025,124,69261.44,53215.84
2023-06-01,P1025,111,62000.16,47636.76
2023-07-01,P1025,129,72054.24,55361.64
2023-08-01,P1025,138,77081.28,59224.08
2023-09-01,P1025,146,81549.76,62657.36
2023-10-01,P1025,141,78756.96,60511.56
2023-11-01,P1025,178,99423.68,76390.48
2023-12-01,P1025,129,72054.24,55361.64
2022-01-01,P1026,103,20147.83,14364.38
2022-02-01,P1026,93,18191.73,12969.78
2022-03-01,P1026,107,20930.27,14922.22
2022-04-01,P1026,133,26016.13,18548.18
2022-05-01,P1026,111,21712.71,15480.06
2022-06-01,P1026,124,24255.64,17293.04
2022-07-01,P1026,111,21712.71,15480.06
2022-08-01,P1026,121,23668.81,16874.66
2022-09-01,P1026,123,24060.03,17153.58
2022-10-01,P1026,139,27189.79,19384.94
2022-11-01,P1026,173,33840.53,24126.58
2022-12-01,P1026,198,38730.78,27613.08
2023-01-01,P1026,119,23277.59,16595.74
2023-02-01,P1026,120,23473.2,16735.2
2023-03-01,P1026,106,20734.66,14782.76
2023-04-01,P1026,121,23668.81,16874.66
2023-05-01,P1026,143,27972.23,19942.78
2023-06-01,P1026,147,28754.67,20500.62
2023-07-01,P1026,131,25624.91,18269.26
2023-08-01,P1026,149,29145.89,20779.54
2023-09-01,P1026,146,28559.06,20361.16
2023-10-01,P1026,169,33058.09,23568.74
2023-11-01,P1026,176,34427.36,24544.96
2023-12-01,P1026,177,34622.97,24684.42
2022-01-01,P1027,47,12364.29,10425.54
2022-02-01,P1027,74,19467.18,16414.68
2022-03-01,P1027,43,11312.01,9538.26
2022-04-01,P1027,60,15784.2,13309.2
2022-05-01,P1027,83,21834.81,18411.06
2022-06-01,P1027,85,22360.95,18854.7
2022-07-01,P1027,66,17362.62,14640.12
2022-08-01,P1027,73,19204.11,16192.86
2022-09-01,P1027,95,24991.65,21072.9
2022-10-01,P1027,81,21308.67,17967.42
2022-11-01,P1027,125,32883.75,27727.5
2022-12-01,P1027,106,27885.42,23512.92
2023-01-01,P1027,76,19993.32,16858.32
2023-02-01,P1027,84,22097.88,18632.88
2023-03-01,P1027,78,20519.46,17301.96
2023-04-01,P1027,66,17362.62,14640.12
2023-05-01,P1027,77,20256.39,17080.14
2023-06-01,P1027,80,21045.6,17745.6
2023-07-01,P1027,64,16836.48,14196.48
2023-08-01,P1027,77,20256.39,17080.14
2023-09-01,P1027,74,19467.18,16414.68
2023-10-01,P1027,95,24991.65,21072.9
2023-11-01,P1027,98,25780.86,21738.36
2023-12-01,P1027,102,26833.14,22625.64
2022-01-01,P1028,220,116569.2,84898.0
2022-02-01,P1028,175,92725.5,67532.5
2022-03-01,P1028,190,100673.4,73321.0
2022-04-01,P1028,242,128226.12,93387.8
2022-05-01,P1028,212,112330.32,81810.8
2022-06-01,P1028,191,101203.26,73706.9
2022-07-01,P1028,231,122397.66,89142.9
2022-08-01,P1028,242,128226.12,93387.8
2022-09-01,P1028,191,101203.26,73706.9
2022-10-01,P1028,255,135114.3,98404.5
2022-11-01,P1028,310,164256.6,119629.0
2022-12-01,P1028,321,170085.06,123873.9
2023-01-01,P1028,228,120808.08,87985.2
2023-02-01,P1028,171,90606.06,65988.9
2023-03-01,P1028,234,123987.24,90300.6
2023-04-01,P1028,213,112860.18,82196.7
2023-05-01,P1028,217,114979.62,83740.3
2023-06-01,P1028,263,139353.18,101491.7
2023-07-01,P1028,268,142002.48,103421.2
2023-08-01,P1028,288,152599.68,111139.2
2023-09-01,P1028,280,148360.8,108052.0
2023-10-01,P1028,253,134054.58,97632.7
2023-11-01,P1028,307,162667.02,118471.3
2023-12-01,P1028,347,183861.42,133907.3
2022-01-01,P1029,146,85696.16,65548.16
2022-02-01,P1029,153,89804.88,68690.88
2022-03-01,P1029,151,88630.96,67792.96
2022-04-01,P1029,137,80413.52,61507.52
2022-05-01,P1029,149,87457.04,66895.04
2022-06-01,P1029,175,102718.0,78568.0
2022-07-01,P1029,155,90978.8,69588.8
2022-08-01,P1029,169,99196.24,75874.24
2022-09-01,P1029,179,105065.84,80363.84
2022-10-01,P1029,168,98609.28,75425.28
2022-11-01,P1029,221,129718.16,99220.16
2022-12-01,P1029,229,134413.84,102811.84
2023-01-01,P1029,129,75717.84,57915.84
2023-02-01,P1029,173,101544.08,77670.08
2023-03-01,P1029,151,88630.96,67792.96
2023-04-01,P1029,127,74543.92,57017.92
2023-05-01,P1029,145,85109.2,65099.2
2023-06-01,P1029,150,88044.0,67344.0
2023-07-01,P1029,165,96848.4,74078.4
2023-08-01,P1029,165,96848.4,74078.4
2023-09-01,P1029,168,98609.28,75425.28
2023-10-01,P1029,199,116805.04,89343.04
2023-11-01,P1029,222,130305.12,99669.12
2023-12-01,P1029,239,140283.44,107301.44
2022-01-01,P1030,122,220344.2,170951.28
2022-02-01,P1030,152,274527.2,212988.48
2022-03-01,P1030,128,231180.8,179358.72
2022-04-01,P1030,172,310649.2,241013.28
2022-05-01,P1030,179,323291.9,250821.96
2022-06-01,P1030,208,375668.8,291457.92
2022-07-01,P1030,203,366638.3,284451.72
2022-08-01,P1030,190,343159.0,266235.6
2022-09-01,P1030,178,321485.8,249420.72
2022-10-01,P1030,213,384699.3,298464.12
2022-11-01,P1030,217,391923.7,304069.08
2022-12-01,P1030,251,453331.1,351711.24
2023-01-01,P1030,194,350383.4,271840.56
2023-02-01,P1030,157,283557.7,219994.68
2023-03-01,P1030,202,364832.2,283050.48
2023-04-01,P1030,196,353995.6,274643.04
2023-05-01,P1030,168,303424.8,235408.32
2023-06-01,P1030,219,395535.9,306871.56
2023-07-01,P1030,204,368444.4,285852.96
2023-08-01,P1030,199,359413.9,278846.76
2023-09-01,P1030,183,330516.3,256426.92
2023-10-01,P1030,191,344965.1,267636.84
2023-11-01,P1030,229,413596.9,320883.96
2023-12-01,P1030,283,511126.3,396550.92
2022-01-01,P1031,72,86755.68,71398.8
2022-02-01,P1031,57,68681.58,56524.05
2022-03-01,P1031,72,86755.68,71398.8
2022-04-01,P1031,74,89165.56,73382.1
2022-05-01,P1031,99,119289.06,98173.35
2022-06-01,P1031,66,79526.04,65448.9
2022-07-01,P1031,90,108444.6,89248.5
2022-08-01,P1031,81,97600.14,80323.65
2022-09-01,P1031,86,103624.84,85281.9
2022-10-01,P1031,89,107239.66,88256.85
2022-11-01,P1031,106,127723.64,105114.9
2022-12-01,P1031,108,130133.52,107098.2
2023-01-01,P1031,90,108444.6,89248.5
2023-02-01,P1031,70,84345.8,69415.5
2023-03-01,P1031,93,112059.42,92223.45
2023-04-01,P1031,75,90370.5,74373.75
2023-05-01,P1031,84,101214.96,83298.6
2023-06-01,P1031,77,92780.38,76357.05
2023-07-01,P1031,89,107239.66,88256.85
2023-08-01,P1031,104,125313.76,103131.6
2023-09-01,P1031,90,108444.6,89248.5
2023-10-01,P1031,95,114469.3,94206.75
2023-11-01,P1031,97,116879.18,96190.05
2023-12-01,P1031,118,142182.92,117014.7
2022-01-01,P1032,115,37237.0,31422.6
2022-02-01,P1032,126,40798.8,34428.24
2022-03-01,P1032,158,51160.4,43171.92
2022-04-01,P1032,107,34646.6,29236.68
2022-05-01,P1032,141,45655.8,38526.84
2022-06-01,P1032,127,41122.6,34701.48
2022-07-01,P1032,116,37560.8,31695.84
2022-08-01,P1032,129,41770.2,35247.96
2022-09-01,P1032,126,40798.8,34428.24
2022-10-01,P1032,134,43389.2,36614.16
2022-11-01,P1032,143,46303.4,39073.32
2022-12-01,P1032,135,43713.0,36887.4
2023-01-01,P1032,91,29465.8,24864.84
2023-02-01,P1032,117,37884.6,31969.08
2023-03-01,P1032,114,36913.2,31149.36
2023-04-01,P1032,107,34646.6,29236.68
2023-05-01,P1032,120,38856.0,32788.8
2023-06-01,P1032,135,43713.0,36887.4
2023-07-01,P1032,120,38856.0,32788.8
2023-08-01,P1032,113,36589.4,30876.12
2023-09-01,P1032,143,46303.4,39073.32
2023-10-01,P1032,157,50836.6,42898.68
2023-11-01,P1032,160,51808.0,43718.4
2023-12-01,P1032,181,58607.8,49456.44
2022-01-01,P1033,236,177167.56,136169.64
2022-02-01,P1033,217,162904.07,125206.83
2022-03-01,P1033,236,177167.56,136169.64
2022-04-01,P1033,229,171912.59,132130.71
2022-05-01,P1033,195,146388.45,112513.05
2022-06-01,P1033,251,188428.21,144824.49
2022-07-01,P1033,185,138881.35,106743.15
2022-08-01,P1033,209,156898.39,120590.91
2022-09-01,P1033,272,204193.12,156941.28
2022-10-01,P1033,274,205694.54,158095.26
2022-11-01,P1033,336,252238.56,193868.64
2022-12-01,P1033,298,223711.58,171943.02
2023-01-01,P1033,183,137379.93,105589.17
2023-02-01,P1033,200,150142.0,115398.0
2023-03-01,P1033,227,170411.17,130976.73
2023-04-01,P1033,222,166657.62,128091.78
2023-05-01,P1033,261,195935.31,150594.39
2023-06-01,P1033,227,170411.17,130976.73
2023-07-01,P1033,236,177167.56,136169.64
2023-08-01,P1033,208,156147.68,120013.92
2023-09-01,P1033,253,189929.63,145978.47
2023-10-01,P1033,255,191431.05,147132.45
2023-11-01,P1033,265,198938.15,152902.35
2023-12-01,P1033,306,229717.26,176558.94
2022-01-01,P1034,61,52664.35,44187.79
2022-02-01,P1034,49,42304.15,35495.11
2022-03-01,P1034,52,44894.2,37668.28
2022-04-01,P1034,40,34534.0,28975.6
2022-05-01,P1034,50,43167.5,36219.5
2022-06-01,P1034,56,48347.6,40565.84
2022-07-01,P1034,51,44030.85,36943.89
2022-08-01,P1034,67,57844.45,48534.13
2022-09-01,P1034,58,50074.3,42014.62
2022-10-01,P1034,73,63024.55,52880.47
2022-11-01,P1034,73,63024.55,52880.47
2022-12-01,P1034,79,68204.65,57226.81
2023-01-01,P1034,54,46620.9,39117.06
2023-02-01,P1034,53,45757.55,38392.67
2023-03-01,P1034,70,60434.5,50707.3
2023-04-01,P1034,41,35397.35,29699.99
2023-05-01,P1034,46,39714.1,33321.94
2023-06-01,P1034,58,50074.3,42014.62
2023-07-01,P1034,60,51801.0,43463.4
2023-08-01,P1034,67,57844.45,48534.13
2023-09-01,P1034,67,57844.45,48534.13
2023-10-01,P1034,65,56117.75,47085.35
2023-11-01,P1034,87,75111.45,63021.93
2023-12-01,P1034,95,82018.25,68817.05
2022-01-01,P1035,43,14782.54,10692.81
2022-02-01,P1035,39,13407.42,9698.13
2022-03-01,P1035,38,13063.64,9449.46
2022-04-01,P1035,44,15126.32,10941.48
2022-05-01,P1035,43,14782.54,10692.81
2022-06-01,P1035,44,15126.32,10941.48
2022-07-01,P1035,49,16845.22,12184.83
2022-08-01,P1035,31,10657.18,7708.77
2022-09-01,P1035,37,12719.86,9200.79
2022-10-01,P1035,40,13751.2,9946.8
2022-11-01,P1035,52,17876.56,12930.84
2022-12-01,P1035,57,19595.46,14174.19
2023-01-01,P1035,33,11344.74,8206.11
2023-02-01,P1035,35,12032.3,8703.45
2023-03-01,P1035,38,13063.64,9449.46
2023-04-01,P1035,54,18564.12,13428.18
2023-05-01,P1035,53,18220.34,13179.51
2023-06-01,P1035,43,14782.54,10692.81
2023-07-01,P1035,41,14094.98,10195.47
2023-08-01,P1035,39,13407.42,9698.13
2023-09-01,P1035,36,12376.08,8952.12
2023-10-01,P1035,48,16501.44,11936.16
2023-11-01,P1035,49,16845.22,12184.83
2023-12-01,P1035,60,20626.8,14920.2
